{
  "allcommand": [
    "Kick",
    "Restart",
    "Menu",
    "Owner",
    "Ping",
    "S",
    "Ai",
    "Public",
    "Tiktok",
    "Ig",
    "Rules",
    "Listprem",
    "Addprem",
    "Sc",
    "Sticker",
    "Kiss",
    "Smoke",
    "Unban",
    "Play",
    "Addvn",
    "Tomp3",
    "Verify",
    "Remini",
    "Jojo",
    "Arcane",
    "Art",
    "Jadianime",
    "Setppbot",
    "Hidetag",
    "Mediafire",
    "Googles",
    "Google",
    "Tourl",
    "Ytmp4",
    "Toimg",
    "Smeme",
    "Toxic",
    "Neko",
    "Openai",
    "Vyn",
    "Sayang",
    "Whatmusic",
    "Fb",
    "Pinterest"
  ],
  "anonymous": [],
  "blockcmd": [],
  "banned": [],
  "premium": [],
  "claim": [],
  "data": [
    {
      "name": "premium",
      "id": []
    },
    {
      "name": "commands",
      "id": []
    },
    {
      "name": "limit",
      "id": []
    }
  ],
  "sewa": [],
  "antispam": [],
  "dashboard": [
    {
      "cmd": "Menu",
      "succes": 3,
      "failed": 0
    },
    {
      "cmd": "Play",
      "succes": 1,
      "failed": 0
    },
    {
      "cmd": "Pinterest",
      "succes": 1,
      "failed": 0
    }
  ],
  "listerror": [
    {
      "error": "require() of ES Module /home/runner/Vynaa-Bot-V2/message/sewabot.js from /home/runner/Vynaa-Bot-V2/message/case.js not supported.\nInstead change the require of sewabot.js in /home/runner/Vynaa-Bot-V2/message/case.js to a dynamic import() which is available in all CommonJS modules.",
      "cmd": ""
    },
    {
      "error": "An apikey is required to initialize the Filestack client",
      "cmd": "addvn"
    },
    {
      "error": "kayla is not defined",
      "cmd": "smeme"
    },
    {
      "error": "order is not defined",
      "cmd": "vyn"
    },
    {
      "error": "Cannot read property 'split' of undefined",
      "cmd": "fb"
    }
  ],
  "sticker": {},
  "audio": {},
  "hittoday": [
    {
      "id": "run",
      "expired": 1680340424225,
      "totalcmd": 7
    }
  ],
  "clearchat": [],
  "users": {
    "6289654144706@s.whatsapp.net": {
      "name": "Vynaa Bot",
      "id": "6289654144706",
      "date": "22 Maret 2023",
      "exp": 100,
      "level": 1,
      "hit": 2,
      "balance": 1000,
      "limit": 30,
      "glimit": 30,
      "serial": "7PVQ",
      "lastclaim": 0,
      "afk": -1,
      "pc": 0,
      "grade": "Newbie",
      "autolevelup": false,
      "afkReason": ""
    },
    "6281379891788@s.whatsapp.net": {
      "name": "Xhn",
      "id": "6281379891788",
      "date": "22 Maret 2023",
      "exp": 100,
      "level": 1,
      "hit": 12,
      "balance": 1000,
      "limit": 30,
      "glimit": 30,
      "serial": "D60I",
      "lastclaim": 0,
      "afk": -1,
      "pc": 0,
      "grade": "Newbie",
      "autolevelup": false,
      "afkReason": ""
    },
    "6282389924037@s.whatsapp.net": {
      "name": "Vy",
      "id": "6282389924037",
      "date": "22 Maret 2023",
      "exp": 100,
      "level": 1,
      "hit": 108,
      "balance": 1000,
      "limit": 30,
      "glimit": 30,
      "serial": "VWQR",
      "lastclaim": 0,
      "afk": -1,
      "pc": 1679784104712,
      "grade": "Newbie",
      "autolevelup": false,
      "afkReason": ""
    },
    "6283137550315@s.whatsapp.net": {
      "name": "Salwa for Dann.",
      "id": "6283137550315",
      "date": "22 Maret 2023",
      "exp": 100,
      "level": 1,
      "hit": 3,
      "balance": 1000,
      "limit": 30,
      "glimit": 30,
      "serial": "DAJC",
      "lastclaim": 0,
      "afk": -1,
      "pc": 0,
      "grade": "Newbie",
      "autolevelup": false,
      "afkReason": ""
    },
    "62813847091235@s.whatsapp.net": {
      "name": "Y",
      "id": "62813847091235",
      "date": "22 Maret 2023",
      "exp": 100,
      "level": 1,
      "hit": 2,
      "balance": 1000,
      "limit": 30,
      "glimit": 30,
      "serial": "DWWK",
      "lastclaim": 0,
      "afk": -1,
      "pc": 0,
      "grade": "Newbie",
      "autolevelup": false,
      "afkReason": ""
    },
    "6285733490038@s.whatsapp.net": {
      "name": "err",
      "id": "6285733490038",
      "date": "22 Maret 2023",
      "exp": 100,
      "level": 1,
      "hit": 2,
      "balance": 1000,
      "limit": 30,
      "glimit": 30,
      "serial": "U89P",
      "lastclaim": 0,
      "afk": -1,
      "pc": 0,
      "grade": "Newbie",
      "autolevelup": false,
      "afkReason": ""
    },
    "6283182665936@s.whatsapp.net": {
      "name": "ルトピ",
      "id": "6283182665936",
      "date": "22 Maret 2023",
      "exp": 100,
      "level": 1,
      "hit": 7,
      "balance": 1000,
      "limit": 30,
      "glimit": 30,
      "serial": "22DA",
      "lastclaim": 0,
      "afk": -1,
      "pc": 0,
      "grade": "Newbie",
      "autolevelup": false,
      "afkReason": ""
    },
    "62895342959060@s.whatsapp.net": {
      "name": "Dann-MD Rpg PlayGround's",
      "id": "62895342959060",
      "date": "22 Maret 2023",
      "exp": 100,
      "level": 1,
      "hit": 3,
      "balance": 1000,
      "limit": 30,
      "glimit": 30,
      "serial": "MKCA",
      "lastclaim": 0,
      "afk": -1,
      "pc": 0,
      "grade": "Newbie",
      "autolevelup": false,
      "afkReason": ""
    },
    "628989513496@s.whatsapp.net": {
      "name": "𝘽𝙖𝙣𝙜 𝙁𝘿",
      "id": "628989513496",
      "date": "22 Maret 2023",
      "exp": 100,
      "level": 1,
      "hit": 3,
      "balance": 1000,
      "limit": 30,
      "glimit": 30,
      "serial": "CHHX",
      "lastclaim": 0,
      "afk": -1,
      "pc": 0,
      "grade": "Newbie",
      "autolevelup": false,
      "afkReason": ""
    },
    "6283892365274@s.whatsapp.net": {
      "name": ".",
      "id": "6283892365274",
      "date": "23 Maret 2023",
      "exp": 100,
      "level": 1,
      "hit": 2,
      "balance": 1000,
      "limit": 30,
      "glimit": 30,
      "serial": "8VQT",
      "lastclaim": 0,
      "afk": -1,
      "pc": 0,
      "grade": "Newbie",
      "autolevelup": false,
      "afkReason": ""
    },
    "62895337406935@s.whatsapp.net": {
      "name": "Ryuma`AnakBaik",
      "id": "62895337406935",
      "date": "23 Maret 2023",
      "exp": 100,
      "level": 1,
      "hit": 3,
      "balance": 1000,
      "limit": 30,
      "glimit": 30,
      "serial": "VGLK",
      "lastclaim": 0,
      "afk": -1,
      "pc": 0,
      "grade": "Newbie",
      "autolevelup": false,
      "afkReason": ""
    },
    "6288706596731@s.whatsapp.net": {
      "name": "princess meilia",
      "id": "6288706596731",
      "date": "23 Maret 2023",
      "exp": 100,
      "level": 1,
      "hit": 4,
      "balance": 1000,
      "limit": 30,
      "glimit": 30,
      "serial": "AMIS",
      "lastclaim": 0,
      "afk": -1,
      "pc": 0,
      "grade": "Newbie",
      "autolevelup": false,
      "afkReason": ""
    },
    "6287778405247@s.whatsapp.net": {
      "name": "~Reii",
      "id": "6287778405247",
      "date": "23 Maret 2023",
      "exp": 100,
      "level": 1,
      "hit": 2,
      "balance": 1000,
      "limit": 30,
      "glimit": 30,
      "serial": "R4VF",
      "lastclaim": 0,
      "afk": -1,
      "pc": 0,
      "grade": "Newbie",
      "autolevelup": false,
      "afkReason": ""
    },
    "6281215205433@s.whatsapp.net": {
      "name": "</Zaa>",
      "id": "6281215205433",
      "date": "23 Maret 2023",
      "exp": 100,
      "level": 1,
      "hit": 4,
      "balance": 1000,
      "limit": 30,
      "glimit": 30,
      "serial": "WZ5F",
      "lastclaim": 0,
      "afk": -1,
      "pc": 0,
      "grade": "Newbie",
      "autolevelup": false,
      "afkReason": ""
    },
    "62878264820173@s.whatsapp.net": {
      "name": "Nothing",
      "id": "62878264820173",
      "date": "23 Maret 2023",
      "exp": 100,
      "level": 1,
      "hit": 2,
      "balance": 1000,
      "limit": 30,
      "glimit": 30,
      "serial": "LNYQ",
      "lastclaim": 0,
      "afk": -1,
      "pc": 0,
      "grade": "Newbie",
      "autolevelup": false,
      "afkReason": ""
    },
    "6281384709123@s.whatsapp.net": {
      "name": "Eril",
      "id": "6281384709123",
      "date": "23 Maret 2023",
      "exp": 100,
      "level": 1,
      "hit": 1,
      "balance": 1000,
      "limit": 30,
      "glimit": 30,
      "serial": "FQQS",
      "lastclaim": 0,
      "afk": -1,
      "pc": 0,
      "grade": "Newbie",
      "autolevelup": false
    },
    "6281803329743@s.whatsapp.net": {
      "name": "αzι ƒσкєя ƒα¢є",
      "id": "6281803329743",
      "date": "23 Maret 2023",
      "exp": 100,
      "level": 1,
      "hit": 3,
      "balance": 1000,
      "limit": 30,
      "glimit": 30,
      "serial": "YHVB",
      "lastclaim": 0,
      "afk": -1,
      "pc": 0,
      "grade": "Newbie",
      "autolevelup": false,
      "afkReason": ""
    },
    "6289668698086@s.whatsapp.net": {
      "name": "Gen 7• DIMZ EDITZ",
      "id": "6289668698086",
      "date": "23 Maret 2023",
      "exp": 100,
      "level": 1,
      "hit": 0,
      "balance": 1000,
      "limit": 30,
      "glimit": 30,
      "serial": "YMKN",
      "lastclaim": 0,
      "afk": -1,
      "pc": 0,
      "grade": "Newbie",
      "autolevelup": false
    },
    "48459086070@s.whatsapp.net": {
      "name": "Vynaa Bot",
      "id": "48459086070",
      "date": "25 Maret 2023",
      "exp": 100,
      "level": 1,
      "hit": 0,
      "balance": 1000,
      "limit": 30,
      "glimit": 30,
      "serial": "B2JS",
      "lastclaim": 0,
      "afk": -1,
      "pc": 0,
      "grade": "Newbie",
      "autolevelup": false,
      "afkReason": ""
    },
    "6282284741137@s.whatsapp.net": {
      "name": "trisnawati202213",
      "id": "6282284741137",
      "date": "31 Maret 2023",
      "exp": 100,
      "level": 1,
      "hit": 0,
      "balance": 1000,
      "limit": 30,
      "glimit": 30,
      "serial": "VIUU",
      "lastclaim": 0,
      "afk": -1,
      "pc": 0,
      "grade": "Newbie",
      "autolevelup": false,
      "afkReason": ""
    },
    "6283896757956@s.whatsapp.net": {
      "name": "Vyn",
      "id": "6283896757956",
      "date": "31 Maret 2023",
      "exp": 100,
      "level": 1,
      "hit": 7,
      "balance": 1000,
      "limit": 30,
      "glimit": 30,
      "serial": "ELUJ",
      "lastclaim": 0,
      "afk": -1,
      "pc": 0,
      "grade": "Newbie",
      "autolevelup": false,
      "afkReason": ""
    }
  },
  "chats": {
    "120363064220166343@g.us": {
      "name": [],
      "add": 0,
      "welcome": true,
      "detect": true,
      "sWelcome": "",
      "sBye": "",
      "sPromote": "",
      "sDemote": "",
      "desc": true,
      "descUpdate": true,
      "autostiker": false,
      "antilink": false,
      "antilinkgc": false,
      "antidelete": false,
      "antiasing": false,
      "banchat": false,
      "expired": 0,
      "antibadword": true,
      "antispam": true,
      "antitroli": false,
      "antivirtex": false,
      "antihidetag": false,
      "viewonce": true,
      "nsfw": false,
      "clear": false,
      "clearTime": 0,
      "stiker": false,
      "antiLink": true,
      "antiBadword": true
    },
    "120363046542194013@g.us": {
      "name": "VynaaBotz - Official ✆︎",
      "add": 0,
      "welcome": true,
      "detect": true,
      "sWelcome": "",
      "sBye": "",
      "sPromote": "",
      "sDemote": "",
      "desc": true,
      "descUpdate": true,
      "autostiker": false,
      "antilink": false,
      "antilinkgc": false,
      "antidelete": false,
      "antiasing": false,
      "banchat": false,
      "expired": 0,
      "antibadword": true,
      "antispam": true,
      "antitroli": false,
      "antivirtex": false,
      "antihidetag": false,
      "viewonce": true,
      "nsfw": false,
      "clear": false,
      "clearTime": 0,
      "stiker": false,
      "antiLink": true,
      "antiBadword": true
    },
    "120363028850707993@g.us": {
      "name": [],
      "add": 0,
      "welcome": true,
      "detect": true,
      "sWelcome": "",
      "sBye": "",
      "sPromote": "",
      "sDemote": "",
      "desc": true,
      "descUpdate": true,
      "autostiker": false,
      "antilink": false,
      "antilinkgc": false,
      "antidelete": false,
      "antiasing": false,
      "banchat": false,
      "expired": 0,
      "antibadword": true,
      "antispam": true,
      "antitroli": false,
      "antivirtex": false,
      "antihidetag": false,
      "viewonce": true,
      "nsfw": false,
      "clear": false,
      "clearTime": 0,
      "stiker": false,
      "antiLink": true,
      "antiBadword": true
    }
  },
  "settings": {
    "settingbot": {
      "status": 1676348113853,
      "setmenu": "document",
      "docType": "docx",
      "Qoted": "ftoko",
      "autoBio": false,
      "multi": true,
      "prefix": "!",
      "fake": "Aiya Botz",
      "autoblockcmd": false,
      "fake1": "Extream",
      "replyType": "web",
      "setwelcome": "type11",
      "autoReport": true,
      "autoLevel": true,
      "autoSticker": false
    }
  },
  "kickon": {},
  "others": {
    "runtime": {
      "runtime": 1680289204016,
      "lastTime": 1680289684019
    }
  }
}