{"version":1,"hash":{"type":"Buffer","data":"BKy7ZN3bvruTd2cyoU1/KR8uYgL67WvhuQ6WErj0Jky+cAEdkPrhHtE51gZwYQnsq1LoPjr77pAVMeD9ezwaHtoeX1u7HuJWRY/QLOcAyYPcWH77qIkSujMYdCMDyCTi5F1YZ2kg2hoR8392xhhABFJEn2JwSCJjN76KqeAbLWY="},"indexValueMap":{"aNTbAeXB7/eCFLd+5b6pJy1SKyXQ5kNuQVHf2XnP7CA=":{"valueMac":{"type":"Buffer","data":"lCANS7474NEQOLM/FvRehKrXTofk+FNi0ekZ7wlaV48="}},"shCzKXnRkOwLWy5d/v9t1DnYngCZKrNoE1iNJSrblXI=":{"valueMac":{"type":"Buffer","data":"/tqxCAEl/OWL6vzc+BYS8X4TOD1SWEueRwRRFnJcGL8="}},"sQST2pIlUuRU91NM97aaTepeuNUofnlmzC65aVa/3sA=":{"valueMac":{"type":"Buffer","data":"WpbtljFALkoH/xhurPZqO4cDm1yF9TBwKOjqQ5OSIt0="}},"qn3UuWLafMWJT6qprT8qja/BeAf0RWSv8hGQyRtJXVQ=":{"valueMac":{"type":"Buffer","data":"7CM5TfwHObdnD9l9rVBCk5g75O/qk34eRftij6MyWMY="}},"JPVS3ytmBOfxTAkgky8kY5Cn6FCdeKRcbC/pTFkKGzU=":{"valueMac":{"type":"Buffer","data":"fY8xxdiVRP7bb8RgjfoZ4cFhh5+/AUZRbyJ858YrbnM="}},"jbwGOM9TFIOYiqrIWvrj/vsVYWDs5MmVFyucF2IuYQg=":{"valueMac":{"type":"Buffer","data":"FB/SSqC0GO8Fu5+mGfg74IxCfmgKMArmFopTJX55DPM="}}}}