{"version":6,"hash":{"type":"Buffer","data":"eP+gtG/GPsISvDgJSAgeQmK73fKjisygAd3Jz4P+OXGiliRE43iglpNQ3hyCHGastGFuc+GCtda9kQuUAEGDuYciAqH8/NKW31aZo8+puatDFx9IZspCIZAOP1i8e5yh5zjhXdYAd0kWExpO5FIFt0bzthy4zkPQ8mDK5KaAasg="},"indexValueMap":{"qDD7cjwvffKRYjS2AWNFXmV0OJl3FFl2ch6VqUQfQKM=":{"valueMac":{"type":"Buffer","data":"D2vJa1YfDKM1wZySiA22EbMu1eHgeiLrTDFqHLXV53s="}},"ZY4J23a6I7bg06HN0FiZE1mhjxWKw//sWk8ISNL6ItA=":{"valueMac":{"type":"Buffer","data":"uGPZsnxb5L2ksApMKIz/iEp1qY/CAuQPGsSjGKwVc6I="}},"vm4FZ0b//O5uNUhNFogOnMeXFWGXUWusFeqsCQy+nQo=":{"valueMac":{"type":"Buffer","data":"Av0y2X80DDppdOcSICJAfT3y7V3z/G76lSmpuvZwYAo="}},"qpZPLdTSgQgGZs7DaEHGLFrxJXvmbOK+NJFiRj3X5qc=":{"valueMac":{"type":"Buffer","data":"AO2U2IZ/cHyWFIjObRT9hz81tM5L/MWSuvGBIGipCBU="}},"NAy/pwdRUkyd30aswSIBvjXNtCZgQDYK8YRrWoPc6Zg=":{"valueMac":{"type":"Buffer","data":"VVG2eQ6MEZDEa4Db5Oph8JVzQs+37k1+/KY5hLNeK/E="}},"/n6FrJlWPGV5Iun7VfrzTElLYUPn6ufTI4ahYRg/dVQ=":{"valueMac":{"type":"Buffer","data":"4Sre7m05pNBBZi8oPcBcTOnu763FRTwLmOBSBGPDfHg="}},"AGMbpADR4N9ijfDEcVFSxItKq4gMgtUBkUCMZTG/M90=":{"valueMac":{"type":"Buffer","data":"RjqFhGEUiLxsEJlq0Mq2yTmcfy0YKIsD/OErpz5bhuE="}},"Qjh+c3vBxyJmofLwwbCKTvUvKQCSqdfFUy+N4SfY5Q8=":{"valueMac":{"type":"Buffer","data":"Wiu4aa5AoDNl2OvBVFB6QYccuu4Qq6Juj9J1BjsFh9Y="}},"NkajDpRWo02eYMcDnMiRdUI+rHdtYxoDSljgK73jy6s=":{"valueMac":{"type":"Buffer","data":"3b4dP/umx5N/s6RIyMRV4usyrCsRdItEFi04iW3XFlw="}},"km+UXFL5bLBc6MGQ+bsjdEMkIlECX/CVr4N23zA5XNU=":{"valueMac":{"type":"Buffer","data":"UZ+1V4h7Ip5ZPqNijG1AL8qmxrJb4+4TXjvukwDEML8="}},"5s9ihiuXCrxvf3+6I2bL0vnE9vNoLm1bqKoNb7hUN1c=":{"valueMac":{"type":"Buffer","data":"vxDBo3MMByAQ9+YHXjM0SZkRP9JjsDedKCsIBx79HUM="}},"zO9oZbhJuL20T3p9esYcjPYiy45XC2F0sfSMhn9MOqA=":{"valueMac":{"type":"Buffer","data":"4JzIfGuu8wER7uDQUgl+n8nzKsfGuxJPlNFc5O4uEeM="}},"pb5CyAlyS68FOYJKJGVgHmVlb9Pf6SWzjYmPDWVcXb0=":{"valueMac":{"type":"Buffer","data":"ctI0vUrrYLpG1jgfkAcq0uBsgu2/QdmucJ4r0h2RuxA="}},"POA5zj75/bqK2D2iSNOlD0QTHtOjaAKiDhx5PHhBW/8=":{"valueMac":{"type":"Buffer","data":"ss3w6JgPNCCrbDJZBo81wffvykuSSL5QZm+2jZfXbcQ="}},"cFyWi4mJUrpjKVpznlE1Zayb3e9cPY6ISceNVquAMRM=":{"valueMac":{"type":"Buffer","data":"vr5uU6w5s7MRrrrRtaa/rmyIRKK3AGog+71aRPnf5pY="}},"AvTTCCkYAcOygRB/rD0ZntPDrLasI71B5hj5F54iDbE=":{"valueMac":{"type":"Buffer","data":"BL2uj9BzM91jmuJTrK1UUjh8ng5DfuWwyX7ihm6QMSY="}},"22G2rdCBIddXFceP40qvSzZMf7Dh6bJc2mEgRPY35sA=":{"valueMac":{"type":"Buffer","data":"Qopr7BuarVl7lqxXmIQgcuBAz8cXbV+DzHxWnzwW6RA="}},"+aPI1NczU76nNPzAE5hH5wgXZb/my3EXlu2yv7+4dxU=":{"valueMac":{"type":"Buffer","data":"AEWxD9Cw636G2PzPz8QhJxDSa32Dzi0qQVq8DWPLxoI="}},"pbtenyTH8z/VV9HvuoK60IDR8wx8GihCeSn7FB5RQKk=":{"valueMac":{"type":"Buffer","data":"wWAMafcI6X0/+xPPK/gzPds/+A0g2fwNsxHdqdwx9Ec="}},"7ehTa/+2RsatluWD/vlzcqFx0uyykQe/btHcj6CG0J4=":{"valueMac":{"type":"Buffer","data":"HL68/nWTDi88LCH16Mon5AqGBS9+FsQeNV5PLW2XesM="}},"DCmGo0Np+4H8r2oXWeAdFhFBaXb2mXrOSmvRdfCy/8Q=":{"valueMac":{"type":"Buffer","data":"AHAv3WOPo63OH89kiwVKxSshOHMuJdmN5ToIEoYrs8U="}},"67zl4ZnavODGLVLZ1L8jqcSR0ziL/wlh3g4Pmf2ktQA=":{"valueMac":{"type":"Buffer","data":"Qnm7kcRO4LstCmGZauC3k7f9qUx3x6Z7WGJBr+yC8F8="}},"wYdco1IA8jY+fjOB4a9CSYW7317UFCQufoNxVcnvsBM=":{"valueMac":{"type":"Buffer","data":"lotnG0NqCstUebX624E4n77C4l93s/e1/BqNgGrvdtw="}},"/u+YgyuVH/VV6J3YGb/HpKUhBXnnFb4zkW/eL+IB9yk=":{"valueMac":{"type":"Buffer","data":"6Ir75iz4MrdxcR24yXhfA3dEdAHPNT4oU+uEjOd7QAA="}},"73lxooyBXIvxpWx/N5/4m8AFUc73ZhwPOa9HoboSuPI=":{"valueMac":{"type":"Buffer","data":"WP1acgWtz/VrD1GYwxEvRsWz0h3T/48dmZq/SO2C9qc="}},"5CZhRGf3SUCos1j6/z0YYphOfjfS8IJNjl2kuNMY1fM=":{"valueMac":{"type":"Buffer","data":"Kqe2CV17dvp/3q7A0tu6BuLeu1dMRy18ls3JCexIyBs="}},"5Q3FH2J+QtySB+sdYswcgDvLT/pQM5e7zRtahdWstp0=":{"valueMac":{"type":"Buffer","data":"xhqfGCDucAUqe3sE3t5y9sM6/f/qFj5mDW7NazT6LmI="}},"0SwyoK3zKIN47cEyoxRL92XiVDfAy+5eEzZB4r/KbiQ=":{"valueMac":{"type":"Buffer","data":"p1xZx4iQ5AtX3anXbb/s8LVjG/9TrWkTf0TSq8jlXHg="}},"LgWfHBFc9wFixt10Th3MCuHvmKX7M3HeodLmJCEVCVI=":{"valueMac":{"type":"Buffer","data":"55Mmu+uLILkCkgTSC1MzmDGnRBZ2XEqg1+06LsN2p4M="}},"kFPPP2P+19VGercoNhPU2wUMz4dIXHzZbkCIla3m3HY=":{"valueMac":{"type":"Buffer","data":"iUIaNRWVIBryJ8T72mxWxD6puIeUmaaNfRkgGaPSJKo="}},"87Na6mquWi9o/yBl0nfgOeJjCeqpKk/NBmq17B35q+s=":{"valueMac":{"type":"Buffer","data":"mnmisXEAfFuRTb+oK8JWOcDNFAKwrzxBfCZlryU7Frw="}},"Pr6QeLcJ8f/or6iJShSM/un7S5SBHb09AykryAku/AM=":{"valueMac":{"type":"Buffer","data":"SghDOyqMQ/2/yoDxNI7IRLP8/MhjvbkqizpgsF9t0ug="}},"yCKT7e/hsq/9po7b44ZLPsJwUhNajIBzXLYguZ/PCK8=":{"valueMac":{"type":"Buffer","data":"2wuG17OzHBwbnWM/R231rd210pmeWbFE8cQxtEqBZTo="}},"0erw64pt7ZpsLrAqlRejdxHXxg2zkwTazNt1v3NumPI=":{"valueMac":{"type":"Buffer","data":"9w4rBPkmyONh9K73OFRNGva24UCdjHuntUsmFtf3+N4="}},"ZSGkHpw0daSnZQpx7wbN8Q68Ch4L1yqw4496/tEgjog=":{"valueMac":{"type":"Buffer","data":"RTPKPCg0zpByodXck+f/onEKdb+tq3OU6qHaZIm1lzE="}},"eLaVaK9g2nl7vKWanIA0SPC1Q4JGUIS7zV3e77gP7dk=":{"valueMac":{"type":"Buffer","data":"ez+B6gr035vkoiVn6FLbY3DIctkpWwUuJGJ8hKn4GOk="}},"yalRualFoZ2ip3bds2cC/zf4iyMC720hYDHb3kNGR3k=":{"valueMac":{"type":"Buffer","data":"NAmLulh08x/8stXn0r+YJlx/ARgN0kMHAMRFfRgzCtc="}},"mz8GHhJquRvpilZrh7nhnIHVQjPOCp4bENoAn0N6aFM=":{"valueMac":{"type":"Buffer","data":"4mviEjDZIbgYPi/6IQMtTHwRs2i3l/M4raMZ4gme9jM="}}}}