{"version":1,"hash":{"type":"Buffer","data":"32Qq4svyf1vPbmCB6EHQY+UPOdq8pWk+RbiprqpIsi67LqS+YD0/u4HOfXhltPAgKXPhu3rulpcLhxdzXgKLjpK1lMRVcHmBMZa2EDpZxVwSQfB7FtRLBX1mjbuP2+brHxP8srhb6f68m00Q7yEriJfOkovNTtevwxigjXbF9mc="},"indexValueMap":{"Phm6o54r+7WF7eWfgIs+mODuLWYV3fF5Xs3kRff7LpE=":{"valueMac":{"type":"Buffer","data":"rgXYsJMW4aNuGpeVpi9tlF5fHsJxEJxSfzgeBuM0Y2o="}},"nQm+Cqjl41XUA9VCLbmXXrze9EnNFDILhs7w7NS01yI=":{"valueMac":{"type":"Buffer","data":"8iaNW0YgD3yT6tEuFT90192WX2RUFtSMRkTWoo9RCzI="}},"QFR9PjwDoqaGdqSdQbBE9+pNUPM7aTTt6OVKXErTZ94=":{"valueMac":{"type":"Buffer","data":"suSQKX67MNJlALaKFKxu3lYst/fcbk2KKSze/NxaalQ="}},"S8XE/PHlLS06FreHa45nXelWVic+IX25Zh07oQo+Jwk=":{"valueMac":{"type":"Buffer","data":"IwpEpwCkILhXXQaoHRmLsXs8W5i6VuiYEgGqucn4DB8="}},"/98ymu2oS8bWir7Cs6ovm4vf4WBBtJGNZGICC2tuUwU=":{"valueMac":{"type":"Buffer","data":"dKDKjjPh9m3HKh0wO/7ypXOHd9PKItPDyWV7j7E91ac="}},"Ve+ZaxsDBYGpsQB7dK5nv5ZUXAp9laIfvoXy3P6DdLY=":{"valueMac":{"type":"Buffer","data":"SA6iD/4jUeVlZ9EbRDJofg6+V+Fkw6jOZiPcwXG6bpA="}},"fH71EIDntvh1aF0xksEobkhPfcvFUTX0bcCkRu15GyM=":{"valueMac":{"type":"Buffer","data":"t/oNKRv3q7lVMlngUrMTLjeaOqjrxoAkqeVBD3f0l9I="}},"/DkmWqMxNCSlOddA4BRdVW3KUH5hdAc0FN51fPoVuGs=":{"valueMac":{"type":"Buffer","data":"djGBH9ibk/PilrQ+zPqKegWFAqcGnpO6P9d4vP/B8gs="}},"XkUQAFZC9V2wBZntOZUBgEpWo7dHlOLSDgvvplqMcMg=":{"valueMac":{"type":"Buffer","data":"/ACyVXkYnc90TdzB3fghPZdJ5SeW24SducsUvlQ0hrA="}},"Ls5wyopYsyQcn1P61Bi5+ciQNYFfnZHqY2MT8xepefk=":{"valueMac":{"type":"Buffer","data":"kPklQV0CTTwf66zZkm7sOZSiq0MB3esRRChbuNu3gpg="}},"iScw1aScDm01oHBwanGOKo5M+o+csHsqCL13jP/8I7k=":{"valueMac":{"type":"Buffer","data":"yd8RgXlKsmhao2M1pqAg2GedoncT7EJm+2EsFtCMYd4="}},"TJO8JGvySekH8Mpn6Rj7qWtdW6puzCkHlv7asTItXV8=":{"valueMac":{"type":"Buffer","data":"mqIIPhWNfi7b4GeRXGlEmn8w+2GyKsw81Hq5gerqa+s="}},"+yh4C8hwOX72dt1+lIle8XeBDTVWBJnWwR7VUiOfk/s=":{"valueMac":{"type":"Buffer","data":"7mfhMjZV0w/y2S/k4H81Z32aWWtGaY2kHu2n0hTHkTw="}},"5CwBhUGXLA/ZW8ma32mbC2WzJckZFk3nby3usAoAXgQ=":{"valueMac":{"type":"Buffer","data":"G3aLS915ck8ILQr525x+wu9y66tyz1RPPYS7Jelc+wc="}},"+Nk75mxvKMHwNUpA2B8YLnTqh6YgKbfpD7BK7+ipUc8=":{"valueMac":{"type":"Buffer","data":"g/tJ9wMjrmRwvIzeOWMACn9uxF2AvNfBEi8O6tg1NPk="}},"rjbaocUBhb8Vp6E/NbhDglXvKiO3XobaNVAB+v6Lf8M=":{"valueMac":{"type":"Buffer","data":"IRuAL60/kKeSsG3d29WBaXd0+x9bzzrAZF+rpoKsIxc="}},"PvgXgFutk66JPMnppLKFW21PC+lXMNP0QdqswMSAlE4=":{"valueMac":{"type":"Buffer","data":"fzeoWFFEOhkz77ZO+a1Nd7d9QMUFITgZ23Lo9gBUGKo="}},"79pMU3sf6SyCZC8URt1bf5K3WCXnCZwOZYbDIIPU37E=":{"valueMac":{"type":"Buffer","data":"Igs61WZurPZT9dD/RlvEoRPNqsGnz54XWyRBygQzqUg="}},"VbTUbBFMDpn2+0Jc9tkT4qE+za5t/XtclUUgc9VKy1Y=":{"valueMac":{"type":"Buffer","data":"KS2wZyWFXN5PUa5k0imWUTpK2Ue2fhiUn4ZxV6MmDNY="}},"dqN+ExvM1rAakYLnpnOAIDOH6/Pe6RQGz/TCf3mopzo=":{"valueMac":{"type":"Buffer","data":"2uKfFOXwozo3Utdcm3w/R+KTPwP5EeFaXCdVUDyHX/k="}},"PTZxPAe8OFH6w1zXv3g0kTJ/IDEQy+YNqT+05L5aztE=":{"valueMac":{"type":"Buffer","data":"Y4H8FqLbPlUnTmmQ0HZLk/2O/7qKleM9KLy5E/0DrN8="}},"/RuQUsMsBdrCflPwmOX8KmQveEbNieaUI6AohIzbj64=":{"valueMac":{"type":"Buffer","data":"B2hXhRKkw/FfnCKIEEMS4Eyd0zaDmqVoJBcHXMaGT/8="}},"tEdJm8evJlUlChqCTBJxx7vG9WYtygosygvFvyS4Fhs=":{"valueMac":{"type":"Buffer","data":"5HH724lRWT1GUhR8Ka6O9eYBePZlJwriHvpmQimivns="}},"tsHQnlihRxibeUNpZFwTihK7z/sFKSiAItn7j3i9Kk4=":{"valueMac":{"type":"Buffer","data":"GpErTOjAmvKUQcusRVCX6s6pL3AoQOc2NliRsP7oSec="}},"8cABCps/OWR9GvxS879ncXORnSB5pFmWwpDhww1U+uU=":{"valueMac":{"type":"Buffer","data":"zvlEAUmmfTKBefRmQ9FINvgxOKir7bYiI6lALqwppzQ="}},"jxGHx8DsbSNMmX9GOX6qofWx8hD0u9rpKsfVBLMht+w=":{"valueMac":{"type":"Buffer","data":"+2t0UZTmocUgW9AxkOYJxXWRYm+eH9CjL5r3psFe75Q="}},"Yt/GzqIHrbFQ0Gqes4bQwgOCorzR1iXM1AJa4SMAYLs=":{"valueMac":{"type":"Buffer","data":"qY7sk85jUEfHg004Hn62n5/qMr9jxdH4FLsWc93PRNo="}},"09vOhBOSH53O7fTH/enp+5eP5X7lpmM+vXsRV88glyE=":{"valueMac":{"type":"Buffer","data":"/Fk0hdSA+qXeD2AQap8v8Gxuf2hRmjr+qCbJCOX29ws="}},"K9bPuQrAnWJJebVj8f68YL+EBnX3BkhKWLcUXXbq5BU=":{"valueMac":{"type":"Buffer","data":"enHQosryJxAEkkl9NWoMCVKjOQDeLVCGw0iGufLTEn0="}},"WcgTGhGAdd5lHWB9BMQXLpVJdgeBsJQq9fWW8ZX2bPo=":{"valueMac":{"type":"Buffer","data":"WywBIN3VlHpFlCBPhXaWwwNo/g7iwHGz9Xlsqoe0aQM="}},"7/e0VEEMNDjXZ4unNl05REBaiN3/bYtYYDMSucgiwlc=":{"valueMac":{"type":"Buffer","data":"FzE4/dLF1VAjUk7b8cdlZdwVeoA5ek3x8tMi7wTJl7A="}},"RhuOfxJsmbAekzwG+XnAVACibA0vD9g5ol2NPgvFMRI=":{"valueMac":{"type":"Buffer","data":"CQM+TaV5ykivY1op0iXtLUvYZAwXB6IcmNPElmNtrlA="}},"iJMIgTw+9YlyP14YjAZNodchlPi9WKjUXUIolJgf3K4=":{"valueMac":{"type":"Buffer","data":"iDIlC+T3jTD6lAzMftM6LeQoeUiwNJqDBogYFr63x50="}},"1OhgdNz8hiacg0wcTADh9SIUd+O1Yp5yLD9ETyCxmc0=":{"valueMac":{"type":"Buffer","data":"xhU4roRM4vp2zjYD87xyNviYPz/kPUgcAcovAhTF/Lg="}},"T/hXz9sFhKW11usXK3cr1Y+BpSJGchVXQgFZl3pw9yg=":{"valueMac":{"type":"Buffer","data":"K0AwABSGAflLcwYE7DejSCKrJdM3MR947xuhrXYmOqA="}},"thzgJAY7KQ0UdHo2FpqeW5pK0OWQpKR8ZG26WRZ/LeE=":{"valueMac":{"type":"Buffer","data":"8ZHkztAbrKaNDbGFrd8bL63ixdI8WpqfbwaGRh903Zs="}},"RwWbT1GJbAevzABm/Vr09AnlzjfMkSV79YbiqtvKjG0=":{"valueMac":{"type":"Buffer","data":"qGwd31zx+tRQLHkVeOEKV6UuwCfnPcVexiFqOz4pC2s="}},"vwIEkaWvhOm40m3pt3ZKYOwu8dNJQcQpkcjlu+nvAcw=":{"valueMac":{"type":"Buffer","data":"pTNcJt+wr/jk/vrXJne/ziYPAEoiCzESkUw5aIdOjz4="}},"PRvwpYf+AG7A8hNALaLiFT5n9sNkmyj5uQmNr7PcUlQ=":{"valueMac":{"type":"Buffer","data":"1uB86WyrNBwYIV7j5jqGw0EXDJDrrP6L7Lrun0yzb4U="}},"B9+Atm2lsZ2uvyqqlp2RV78xlLoX2raU6Ae0KTrmnJA=":{"valueMac":{"type":"Buffer","data":"Tdy9IKoXcyLLbA7U6OAUCC7Yd/RGQ6+//bEgIexuNcw="}},"g0M7MQFK46rVjiqIR2oEutd014E7dNYQ36N9DkDUhgw=":{"valueMac":{"type":"Buffer","data":"N1GfA3dyegvZRbWEmVMjY/0ok4UMLUgQ1Js57m01XVo="}},"DYOax/Wag1Vyp1+56DhMoTJfks4z44xvFsyGgPcwzgU=":{"valueMac":{"type":"Buffer","data":"zOhrvcRxMHouicDjeB+yG/1Tm87Nb5Ig6bC4303HdPk="}},"mdZIUif6H4MxsJdSlu+p49W5DX+ClbhNb0SegHRLJzQ=":{"valueMac":{"type":"Buffer","data":"pkWUuzMgO2IeP7azG02s+UfLQEdgiIIIjzdmBmVi7ws="}},"mZq2h460+yMpCLjimf696DvmHSY4F33cH/qobSV1MC0=":{"valueMac":{"type":"Buffer","data":"DIPY3XDI07kDYWXSvT+sRSFGEwJOcsatoVCnsqhH4XU="}},"tOpi+EXFoFg2WVy1XwylC5QNndazbwe6b/m3mL/TRYc=":{"valueMac":{"type":"Buffer","data":"JSt/nmk3a3AuHuP6Sqj6ahXvNApgyDlZ1Qlu1sIz9q8="}},"ZzQsj58HWV5gGjUPP4N98kBQLr83kDTpr0QExCdynTo=":{"valueMac":{"type":"Buffer","data":"XDoDMXxWuHM4RQjTrmYOQgo9GJz/VZPWubFWHfDhBE4="}},"jSgudy/gTLXKNSU+nXukKHyno1viMD7+hz/REOxMVuE=":{"valueMac":{"type":"Buffer","data":"NQq6Un+KixJopl3z+QxpZ2Zg5RneLldEqc89r14oZ1o="}},"izHDbdVAhdC16/Ab42duIQDmUJy5pOxIdzrF81gtIHU=":{"valueMac":{"type":"Buffer","data":"CyiR3RfK5HKhuK4kJ++UcEOBRjQHIx9mqYtYJVQyznQ="}},"JcTQY1KjbGajyoGpkLwOIho/en7Eo90VvZ7byAkpEVY=":{"valueMac":{"type":"Buffer","data":"mKCMT/riZNwxeKfnOc1CcrB+xAPNkmXbn3Xq8qxIw0k="}},"w4FCAIlU1OC/RdORtGwZC53xK7gW4GjMOKySHfYqPfw=":{"valueMac":{"type":"Buffer","data":"HxqWShgnVcdCUm4eyUipQx8l7qY+/KDhltP5uYFdar8="}},"H42v8DS0GDigvWNdW6s5ZNBGnRTn4Z5FmAqPcW7XTes=":{"valueMac":{"type":"Buffer","data":"HoEY2fpoLsEj9bqrb7LX/PdMJBrU8a1vAAE6sL1lqnQ="}},"Sc1IohNk+i9CaM0Yv4rfeMQSPR6oqxD4jslZ9avuA78=":{"valueMac":{"type":"Buffer","data":"39IqFoI/qg2WsM7ta1mUhWJ+nkFgLPlR/YK1v/73W0o="}},"1efx5sgSSjOXh3g7zwdMh8n86pxxW9mXhHnyendO43M=":{"valueMac":{"type":"Buffer","data":"Xk/fGZggdYk4/Y9nPJsJ1ieYnqmX5CKapnE79ziz07k="}},"cbROiPHDJzfeYU2YAyK5KZSYI1oMRmgsbvqo13W9ZbE=":{"valueMac":{"type":"Buffer","data":"P7+OkhDZS8KyvuqgO/ppnvQxIvk79HFyYG7j74k3U28="}},"sEc7Wg4PANMENZxcAVBRXzwUApaWKxXqOVfdtb3Btnw=":{"valueMac":{"type":"Buffer","data":"HGF94Z4ug+3yDK0T6lwuOuNnybPMgDzXbjmYVlRRG1E="}},"ZdoaFekHsRUBqdXkRxPY1E3h5wyhCnsU6hGlUh3lozI=":{"valueMac":{"type":"Buffer","data":"9mDZ8CqVlf7IORs6pNyhcsZpH/ikk3WuAmLChIkKzr8="}},"Y1sV1vGMZLVifwDha386JSChaNXhpyAPhe01sQBeYZE=":{"valueMac":{"type":"Buffer","data":"UAPlsflhMVqxTqS0wH6pCXkin5zBsNxYVKdHiOSc3DU="}},"DXpvr7vv8v5oovCTL4awLPZnA5Se2f+M/03wVEtbb1o=":{"valueMac":{"type":"Buffer","data":"BaWL3reNg8skYGqvxnKduFJnJLE5g+hAzc/6FCYWlFs="}},"EyqlG0/59hZqWXRRqpFVcykor/2HwMeuCh87el0xbIM=":{"valueMac":{"type":"Buffer","data":"Agq8QlHhhFhQuwOWXdHK7qZNYO2VZS0rz8cU7bAvocY="}},"24+Wl3cok2MHpbbqskYvaDXMhGHuZKcJDjhhkUw83Vk=":{"valueMac":{"type":"Buffer","data":"ogJP4BSfL/q/gKvxT7lAgoaLcHjvoRw/ExeTIzYf2z8="}},"epVRnOVW/qD7RKykDPCg5L5THU/QMEVfv2rzh8TtvPU=":{"valueMac":{"type":"Buffer","data":"qlMPrTtuv4/M1ircN4FM+jsTip/kTywPfFxAP9+ibSo="}},"hsF5WSU1gWQFPa7gUMYdixGWv1n89u/J2bRo/DGZxB4=":{"valueMac":{"type":"Buffer","data":"zC5oyCJ+YaHHRbc56RI63QF5sO5GVjQ+J3OwUraukSk="}},"B2/WOkA56EyAluJsp6BznjpTD2Wtc8su7b6qNE4PYr0=":{"valueMac":{"type":"Buffer","data":"k0At/wKPZnE/POcW17/v9uwln2JbSQ1cZfnM9niDaJs="}},"vma2OrJkqfLRhaveeAaapiYjxYwACZYSc6gXzqYecsc=":{"valueMac":{"type":"Buffer","data":"eMIGXVwJ0M/kPR49rGO0WL3i5EjJwO/a2rn1Is4qM74="}},"VIBCcNX+FMWPjN78CaLZ2szkfjqFlXI1Xrzk2EdTbLc=":{"valueMac":{"type":"Buffer","data":"qQnZgCAMuWRAeU0hjINBDoIinnyvJuEyyfIYqf32JAs="}},"+zj1MCkFTyMXvIcMtQ8FFoUu5VfU9Gq56ROxUMF3sTw=":{"valueMac":{"type":"Buffer","data":"ZrrAuqkf4ZNIY/ccbtsAdQskU8XwEpDTslDeTt7QWEE="}},"rGf7NY26yN7WBvazAm8MmWnfqqMUOjr72rw+/ROM9mY=":{"valueMac":{"type":"Buffer","data":"HpbQ5ZMrIdt1YGVJUBsKjObrUih4oIjjsLnZPEm2rvI="}},"TeyJZb3X9craHQ2t5/ZX7pjKHcTxEm89p+1AyTJb5Js=":{"valueMac":{"type":"Buffer","data":"ABrdKCk76zBzhlfOuZ8b7cuFL9+Zf+wWdSL5f2qRt6I="}},"b3YzM4CeLw37OXB+KT3/W61Npx0xaJ6e5afnqz47FN4=":{"valueMac":{"type":"Buffer","data":"ny+z1iND9N3ZVEmg9rWHDaC+VrW5YpSRPBuQ7HD9pKY="}},"vOECjxrQIgwtvz+Oqr+F3fcS3Xdj+0/zQ2+JytXGesg=":{"valueMac":{"type":"Buffer","data":"jq2gCoeA4EgwWtLLQMjNlvBWW743+4IyMkAL67rYu8A="}},"A+XD2hIUfZOJmFFB+wK1AP1vB2d5x4Bqwkkk2YyDnFE=":{"valueMac":{"type":"Buffer","data":"A6YHzc3sCFjHZeVyChTw7pLOJXZgfo+B5c5VEPpH9ds="}},"x4vCv5gzX/AEECtnzMAYVKjMMBYEeEqWXDKhkfUlzwk=":{"valueMac":{"type":"Buffer","data":"CuEau1z7GTjmQ4L78pm/f4q5JsSqqJki4NFeIqZ/lcI="}},"Mje2VqPtj6ldwm606lpzueZbNuC5dPDG9VjbN9YRcHk=":{"valueMac":{"type":"Buffer","data":"Vk60o1brWWOtdvK6tv9tIoB03nizpkc14CgApFyEJNU="}},"CaEY6qlTZfJgpOyNxZd02cogx3+/dKA6+HY0zBjig4Q=":{"valueMac":{"type":"Buffer","data":"N5wRWHshyMLjtxgsVSk1p/41uqrvhSxkFZgDuqVSYxw="}},"QsIyOLdclARouG+9yLzYFbyzdZC8do25Q83dy2sFd4A=":{"valueMac":{"type":"Buffer","data":"S5qT5lr4ShPLYzVQb4DFR+4FrMoR273sVcVn87lqSKI="}},"+JuMv1rZ5k6Lr/A3AYPvyaA1AzZoRUALzGeWcLIMH0c=":{"valueMac":{"type":"Buffer","data":"pDAP6TGnaLXEFXn1tX5fwraBnUDoIz/B6iU+6SMCvHA="}},"+PTdPzGDc+FDKfzai/uiyLxQrgdKQZEBY0rIe9Ufjio=":{"valueMac":{"type":"Buffer","data":"yRJYPIbgwvtXBvaVVxf8lK8p23AYXuNVx70HTz0N8rc="}},"wI84CBLqnwKPvC+6U/yyS1mo6IPtvqqHQi4F2EsCYTg=":{"valueMac":{"type":"Buffer","data":"Ue92iKdt51nwkdBrzJFTy+8ZLPKCFgVKRc/CsgFoz0o="}}}}