{"noiseKey":{"private":{"type":"Buffer","data":"wJvpFUF/rQxAhOmQg+164Kd4NAil5cIImvJvLTbwREo="},"public":{"type":"Buffer","data":"h/uw9YqX1V2jVN1acWtGn0ez+6UpqUctmX9uWDps0gM="}},"signedIdentityKey":{"private":{"type":"Buffer","data":"aDD8hW8h9AWV9RgB0dyAtGC0YAT/eEb5PCcdtnFcqG8="},"public":{"type":"Buffer","data":"oT44O7FrkInE4lrUglzrAviaMpg9jy6CpLxxfV3o6Qg="}},"signedPreKey":{"keyPair":{"private":{"type":"Buffer","data":"mIyGExkmYsw9nv0ZlfEJK/UHxWe0bqe8QzHSc5FE8F8="},"public":{"type":"Buffer","data":"LI87Prm6ZhLqCn0klLHIdNHWKAxHCtXkTw/Fc4SXpRY="}},"signature":{"type":"Buffer","data":"qsWNyUHMK2r8qwuhJNxQoMYnAP4WRgRIK3oyH+YxSGlQ1UJj+lELgYoOG7Hmiv73HKORqO+KLPtGCBa+OKf8Bg=="},"keyId":1},"registrationId":57,"advSecretKey":"U6uolByUpLEh3ijtgHkwfGX4mAwMcK53eWzNoNuLxIM=","processedHistoryMessages":[{"key":{"remoteJid":"6282284741137@s.whatsapp.net","fromMe":true,"id":"FD51E84236128EEB290CF9148B44F0E1"},"messageTimestamp":1680253928},{"key":{"remoteJid":"6282284741137@s.whatsapp.net","fromMe":true,"id":"68B29C43628821B846B671972A3492D6"},"messageTimestamp":1680253929},{"key":{"remoteJid":"6282284741137@s.whatsapp.net","fromMe":true,"id":"6C172F4D6704B7CEB0EC3C42D88E7922"},"messageTimestamp":1680253937},{"key":{"remoteJid":"6282284741137@s.whatsapp.net","fromMe":true,"id":"EAB3ECA9954C71816ACAB4A1A48340AD"},"messageTimestamp":1680253943}],"nextPreKeyId":62,"firstUnuploadedPreKeyId":62,"accountSyncCounter":1,"accountSettings":{"unarchiveChats":false},"account":{"details":"CKP67MACEMLHmqEGGAI=","accountSignatureKey":"bs4kpWResoE7dfc2gIszNWQzF40orLSdqE8MsAE5nR8=","accountSignature":"tLyrVfQtgCfh5szBhIe7nEBHb+Lnto0xzXVBndSDyV/G+/9MZXqvvxirIhjt/5n+0kVqjbEdSIFDNcpZkzJFBQ==","deviceSignature":"2NvdhRZhStDjHmhyTXUVXxgeD66tMR+XhIUEGvZLVy+RTPUqiRo2OScloOzOQUL5z1hiYNpIytq9APePmXnmBA=="},"me":{"id":"6282284741137:2@s.whatsapp.net","jid":"6282284741137@s.whatsapp.net","name":"trisnawati202213"},"signalIdentities":[{"identifier":{"name":"6282284741137:2@s.whatsapp.net","deviceId":0},"identifierKey":{"type":"Buffer","data":"BW7OJKVkXrKBO3X3NoCLMzVkMxeNKKy0nahPDLABOZ0f"}}],"platform":"android","lastAccountSyncTimestamp":1680254530,"myAppStateKeyId":"AAAAAANZ"}