{"_sessions":{"BT/EL+J2G0xOU2OLtGapVJ1BFjF7yDajaamb3pJUmJYq":{"registrationId":4165813954,"currentRatchet":{"ephemeralKeyPair":{"pubKey":"Bc4ppZcmTB1+LjPMnR6S0vK9Mdk5Ss3OVndYbR4S0P4W","privKey":"UM5DJmPS3M+r34h1X4mF0yVqHGu78/qGiqq9BlsmOXk="},"lastRemoteEphemeralKey":"Bftzu91VK67i82JqVVTkNHTdp1xEe1iGWiCSTgxOqHt2","previousCounter":0,"rootKey":"Qi9cHyX0geEC8+G3tHkSEGb0nMZQMvWZnpoy/b8DZVQ="},"indexInfo":{"baseKey":"BT/EL+J2G0xOU2OLtGapVJ1BFjF7yDajaamb3pJUmJYq","baseKeyType":1,"closed":-1,"used":1680254149529,"created":1680254149529,"remoteIdentityKey":"BT5yiFyhC0C2tQF27RIDzMsnv0UXALyToHpXMGQL6lgw"},"_chains":{"Bc4ppZcmTB1+LjPMnR6S0vK9Mdk5Ss3OVndYbR4S0P4W":{"chainKey":{"counter":1,"key":"8+biAyV/p4/eYaWPIQKrKhoSzitsBXlfeesXsq8y2NM="},"chainType":1,"messageKeys":{}}},"pendingPreKey":{"signedKeyId":4309599,"baseKey":"BT/EL+J2G0xOU2OLtGapVJ1BFjF7yDajaamb3pJUmJYq"}}},"version":"v1"}