{"_sessions":{"BWbVVvmQ11GvQSJIIYumsMlix1rGCb7P3V77ScagT0AO":{"registrationId":2114924830,"currentRatchet":{"ephemeralKeyPair":{"pubKey":"BajdTTUh9YZx1GLTXIoIAFmOuFUAtCogk8Dw7MB0uWUS","privKey":"mMk7ghEtoTkkv6fqa5bs5PJSBGruxF6TjjJez7nDxF4="},"lastRemoteEphemeralKey":"BWQ6kLen8VOqmjebeKjm/QFbNZDQTmAG8FMXwbbSbtIs","previousCounter":0,"rootKey":"fljW6zLUPxk+W0QsJEpJ1bj1+o7AQoHmWaXH2ZnFgDg="},"indexInfo":{"baseKey":"BWbVVvmQ11GvQSJIIYumsMlix1rGCb7P3V77ScagT0AO","baseKeyType":2,"closed":-1,"used":1680289145817,"created":1680289145817,"remoteIdentityKey":"Be4AslMYjGRn+bvp0Yr978MYl1dBaE794E6edYkRcNcT"},"_chains":{"BWQ6kLen8VOqmjebeKjm/QFbNZDQTmAG8FMXwbbSbtIs":{"chainKey":{"counter":0,"key":"v3Xgg5W3sBsNhwmxJgueuF35eHDP8yjqTkpwsLdjDMA="},"chainType":2,"messageKeys":{}},"BajdTTUh9YZx1GLTXIoIAFmOuFUAtCogk8Dw7MB0uWUS":{"chainKey":{"counter":-1,"key":"dnnP3P0Px2Y86JUh5yW8RIdSGaJJB7sXd1a7AmtYx2E="},"chainType":1,"messageKeys":{}}}}},"version":"v1"}