{"_sessions":{"BX3WYwAGzzzzMgxeT94UODQrpQJMgtmSAbfoUcjCP3Nc":{"registrationId":252,"currentRatchet":{"ephemeralKeyPair":{"pubKey":"BVe8xGSpIk0rTkKPpcGAfxStSLJX74syyMZdlc3f6uYy","privKey":"ACaiZtYTvnyPZesOl8rUKeBrwp1FekzgGlUM9vOADV0="},"lastRemoteEphemeralKey":"BcC+AqucMzzUujuSlDoLdv5UtsB9uBqiYs0rt0H9Mf9A","previousCounter":0,"rootKey":"TRzGcq4uIep6ffHvaJkHgTW6/+H/A9HNpP8iWMPyR3g="},"indexInfo":{"baseKey":"BX3WYwAGzzzzMgxeT94UODQrpQJMgtmSAbfoUcjCP3Nc","baseKeyType":1,"closed":-1,"used":1680254025534,"created":1680254025534,"remoteIdentityKey":"Bc/2L0c14XDioh/oBV0953VzbK6p+Qi125NLevF/Epsg"},"_chains":{"BVe8xGSpIk0rTkKPpcGAfxStSLJX74syyMZdlc3f6uYy":{"chainKey":{"counter":10,"key":"wCYDBDkqRroronui6xBwDJC+koxrQq2oekMJiaMdVPU="},"chainType":1,"messageKeys":{}}},"pendingPreKey":{"signedKeyId":1,"baseKey":"BX3WYwAGzzzzMgxeT94UODQrpQJMgtmSAbfoUcjCP3Nc","preKeyId":22}}},"version":"v1"}