{"_sessions":{"Ba5BWYF2iZwdHphLIkqinfOdgORXhu03fsDK94AIH/gr":{"registrationId":234,"currentRatchet":{"ephemeralKeyPair":{"pubKey":"BV5k0NhK5rmAWHb9ol2pz44IBRj5AOB+K2BPyOaYFIQ2","privKey":"OGpM6Hqb3OcLb9v+bvyA1WuesqO07uNAyWjNWNsdI14="},"lastRemoteEphemeralKey":"BdcykpKk9FeAGYr+Dd1yk2yJSNHwLDR8Do2xRK3BxkAz","previousCounter":0,"rootKey":"Y2/VYEXCHFTUmp7U6uFrbT/4cFNK7XqeXXSwjTOPx4U="},"indexInfo":{"baseKey":"Ba5BWYF2iZwdHphLIkqinfOdgORXhu03fsDK94AIH/gr","baseKeyType":1,"closed":1680254026357,"used":1680254025589,"created":1680254025589,"remoteIdentityKey":"BWG+paXv4OhMJElm+e3MthYhZRixlJkwmj0iEYsXMKVx"},"_chains":{"BV5k0NhK5rmAWHb9ol2pz44IBRj5AOB+K2BPyOaYFIQ2":{"chainKey":{"counter":0,"key":"SdokugqiBHowdr1+Aym0UsJFXCmiq/Exr7U7GmwFnL4="},"chainType":1,"messageKeys":{}}},"pendingPreKey":{"signedKeyId":1,"baseKey":"Ba5BWYF2iZwdHphLIkqinfOdgORXhu03fsDK94AIH/gr","preKeyId":299}},"BaTj2wXWRuI9FgVUh4RiYwkHnfXrmIRdzMzhgoE1mgs+":{"registrationId":234,"currentRatchet":{"ephemeralKeyPair":{"pubKey":"BXKdhHCSDAtHkrOm+own3bGrEA2wRChzawOY4SScC8Au","privKey":"UN/qDyxeX3UvI5bpTBsNbPkxmfEfeSAPzwTXX7geB1k="},"lastRemoteEphemeralKey":"BW8IpYLJzZ+w3Q5GQme1Qz6IQIqebqbrYrjOTHQgQgF3","previousCounter":0,"rootKey":"79d4GJj66ES7dfl1asZbzPzlB5PzWbCaiQc5w4ccT4c="},"indexInfo":{"baseKey":"BaTj2wXWRuI9FgVUh4RiYwkHnfXrmIRdzMzhgoE1mgs+","baseKeyType":2,"closed":-1,"used":1680289209271,"created":1680254026358,"remoteIdentityKey":"BWG+paXv4OhMJElm+e3MthYhZRixlJkwmj0iEYsXMKVx"},"_chains":{"BboKks12F83ZO7Gm7gW/97qWEnzvQPqbr33pIZO+oG8v":{"chainKey":{"counter":0},"chainType":2,"messageKeys":{}},"BRgZ6CQHIn5X0XumtfiAIceeTJDysZJ/LGO0c9zJcLZX":{"chainKey":{"counter":1},"chainType":2,"messageKeys":{}},"BancXAkRN052TTJmbcdcsFb4sV/IveRd0abIB71jYqki":{"chainKey":{"counter":0},"chainType":2,"messageKeys":{}},"BaBFAm92f2L0UAiz8IQ1VJRXkEFh9Gz/OBb1AbakYMJu":{"chainKey":{"counter":0},"chainType":2,"messageKeys":{}},"BWOVNQc43jXLVtd8i4oIfiMhweUHxQq+CyZ3Cd+Ctgkq":{"chainKey":{"counter":0},"chainType":2,"messageKeys":{}},"BW8IpYLJzZ+w3Q5GQme1Qz6IQIqebqbrYrjOTHQgQgF3":{"chainKey":{"counter":0,"key":"MI8mXg7095dio8HCleCQUSw+b1ToxOkcplek//Srbrs="},"chainType":2,"messageKeys":{}},"BXKdhHCSDAtHkrOm+own3bGrEA2wRChzawOY4SScC8Au":{"chainKey":{"counter":2,"key":"10CrEwywtnNkPS/n6PVHvMTm4BRo0XIPEynh8lKIfGs="},"chainType":1,"messageKeys":{}}}}},"version":"v1"}