{"_sessions":{"BbGrwpbED5+3qPIq0/wMHjQ/Jag6xoBi+5SQslaGRzkL":{"registrationId":911352311,"currentRatchet":{"ephemeralKeyPair":{"pubKey":"BThzqvKEwg+cs+hPE5hWWhL2N3gqlfzm+Iz/I0clsM4Y","privKey":"2Januxo1hNyLTwsJWbEvJk5B8VyeQgmmRXKU8fCO9Ew="},"lastRemoteEphemeralKey":"Bb0CifIHtX3c28TK3+070U8Ff7K+/U/ePjl5wGQ9dtEx","previousCounter":0,"rootKey":"r5QTvK+IuO7MI4OsPzAIDI6XtoALXHqjM+EsvurCu9I="},"indexInfo":{"baseKey":"BbGrwpbED5+3qPIq0/wMHjQ/Jag6xoBi+5SQslaGRzkL","baseKeyType":2,"closed":-1,"used":1680289145349,"created":1680289145349,"remoteIdentityKey":"BUQMBPTT1cZtji6ekjacPTQ4BGOIH3Qdlj6YGwP8IUxv"},"_chains":{"Bb0CifIHtX3c28TK3+070U8Ff7K+/U/ePjl5wGQ9dtEx":{"chainKey":{"counter":11,"key":"ufxfJvXxO7B3XfO9N5ephVq4L8j/h0+ADQuPesDgaXM="},"chainType":2,"messageKeys":{"6":"MARDpP/hzvsG8Q7Zt3v277UlXjJKCrPNlqEop+D+neo="}},"BThzqvKEwg+cs+hPE5hWWhL2N3gqlfzm+Iz/I0clsM4Y":{"chainKey":{"counter":-1,"key":"WAqZqCOUFdjzouXWDo+D/YO0/Ator6lUd/mHhEnCTYg="},"chainType":1,"messageKeys":{}}}}},"version":"v1"}