{"_sessions":{"BVIMZcmoOC6w5xpBfzwlKxquoAzyDkDEAFF2vKS3TxIS":{"registrationId":1283088051,"currentRatchet":{"ephemeralKeyPair":{"pubKey":"BYFG0pv70Q5BsSr4hr1FDWO/yQMaKcNhnpjhK/ciDW5T","privKey":"COKNrNZjEO1pE/Woq3n2kYrTOOA04Nxs3JKqxZaMXUM="},"lastRemoteEphemeralKey":"BTnWluaRnJONm7T3BPH37+dpVmCTFmFtYnS4TEfzs+dT","previousCounter":0,"rootKey":"bx47t0/uH7IuH+0ZZF719ZK5a79SabmGeWVNyxjqStU="},"indexInfo":{"baseKey":"BVIMZcmoOC6w5xpBfzwlKxquoAzyDkDEAFF2vKS3TxIS","baseKeyType":2,"closed":-1,"used":1680289146301,"created":1680289146301,"remoteIdentityKey":"BRJL3EXSQpjo11MTSXiZDPRWGb21epXe7zzGFvCOAQhC"},"_chains":{"BTnWluaRnJONm7T3BPH37+dpVmCTFmFtYnS4TEfzs+dT":{"chainKey":{"counter":6,"key":"dpZ2GGFZGVwO8YLcNTFzp1r739q8xYsZHS9yUC0bO/c="},"chainType":2,"messageKeys":{"0":"psKE20CjJb3TcsnOy1ZS3qqIFq/kU9rfsz0loqEMoyo=","1":"ArUPWFLIckwU8N0FNzklaMaFDEaYfCPgm5zsPIWkV5o=","2":"yArvMXM+f3r3Q3IZgmlho1SDquPqbUFxtvK8MZz3tUU=","3":"7VmcLh5roHqBxFaSb/zomxjBhB8Sk7ssbZKp6N6dvVA="}},"BYFG0pv70Q5BsSr4hr1FDWO/yQMaKcNhnpjhK/ciDW5T":{"chainKey":{"counter":-1,"key":"bxo9u/EL2PPBWpKMWlgQWndC/BwVz/CsnlRycrzlOwY="},"chainType":1,"messageKeys":{}}}}},"version":"v1"}