{"_sessions":{"BXvv2pCtki/sdNF1dDsLDYZbl02lCnVnbDjC8cTplucs":{"registrationId":44,"currentRatchet":{"ephemeralKeyPair":{"pubKey":"BQ4GhPNI3IvjYjt2+J9Tz+uK/B13axosJXfHBgiMMtsS","privKey":"ANzpHzVJsVi614y+p1J9jMp/tn5GXlXwQriDyFs/O28="},"lastRemoteEphemeralKey":"BWldj0QJX5g3+d8GniQ1D/98bPcS692tZKz7ZJa5blAw","previousCounter":0,"rootKey":"e7vBpxsZjNeVQ5Mf3/cOp51Fy5867AjA5WqV0Q02UNc="},"indexInfo":{"baseKey":"BXvv2pCtki/sdNF1dDsLDYZbl02lCnVnbDjC8cTplucs","baseKeyType":1,"closed":-1,"used":1680254025591,"created":1680254025591,"remoteIdentityKey":"BcaOPSqn1Ev2qV5PTdASkEHRydU848NIaESmhXUn4yIF"},"_chains":{"BQ4GhPNI3IvjYjt2+J9Tz+uK/B13axosJXfHBgiMMtsS":{"chainKey":{"counter":8,"key":"63jAbdx/F/pJKn5tNr45OdT0Xd8sclc6i7KHsAEpgoQ="},"chainType":1,"messageKeys":{}}},"pendingPreKey":{"signedKeyId":1,"baseKey":"BXvv2pCtki/sdNF1dDsLDYZbl02lCnVnbDjC8cTplucs","preKeyId":45}}},"version":"v1"}