{"_sessions":{"BeZyJUzAb1JUfi/ONHuoFLhvr3FbX+BiUcSN0kP1iLAl":{"registrationId":585036896,"currentRatchet":{"ephemeralKeyPair":{"pubKey":"BXFQtgFPHGQQ00qH5yDvfvijdNTO7Ol+JTZ30RNJQw8A","privKey":"4OxrW4lFKIcTNhRzQkDvWCsgtoyhGh2BHJY0zbKXEWA="},"lastRemoteEphemeralKey":"BQ+0+nkWL2WiflHaTpUUUxiggM/+FDQizV0Q36CqKCJf","previousCounter":0,"rootKey":"Pb0bW2UnpYeyFuxXBpPlRdtivIdgarnA1SQRWXAC088="},"indexInfo":{"baseKey":"BeZyJUzAb1JUfi/ONHuoFLhvr3FbX+BiUcSN0kP1iLAl","baseKeyType":2,"closed":-1,"used":1680255069103,"created":1680255069103,"remoteIdentityKey":"BY9sy3ztPaBBOOHI9iBPUq3cY6eOI9du2Csi5JSA8Xoz"},"_chains":{"BQ+0+nkWL2WiflHaTpUUUxiggM/+FDQizV0Q36CqKCJf":{"chainKey":{"counter":0,"key":"o5DRArnrbftCITFyqzcSNT9mqpKuNhTO7JXFLF1Y/rs="},"chainType":2,"messageKeys":{}},"BXFQtgFPHGQQ00qH5yDvfvijdNTO7Ol+JTZ30RNJQw8A":{"chainKey":{"counter":-1,"key":"BTpXa0ugrpN/0Nhw3tqRsRPc1ygs3gTvNaOccFZOwZY="},"chainType":1,"messageKeys":{}}}}},"version":"v1"}