{"_sessions":{"Bb95Bh4c2KC2dLR7IXe7zpCux+u+7FzppmGI+qSht5Bt":{"registrationId":699980914,"currentRatchet":{"ephemeralKeyPair":{"pubKey":"BZdscAmuq1MWG0ZhZGh/OwVAvSk7CT5GrQGalmsc4XJm","privKey":"8IsKu0cew2t4/6+vwEcbEFsEb+8FBCYj8S5hpmN7lnM="},"lastRemoteEphemeralKey":"BS5tXB9WFe99PE9qgAd+ozB2rUf3zM2PJlN/DWPqbaQj","previousCounter":0,"rootKey":"17Ic8J+LocpNP15CHl6Dl1IDXU6L1OixNK4XtuPAkoM="},"indexInfo":{"baseKey":"Bb95Bh4c2KC2dLR7IXe7zpCux+u+7FzppmGI+qSht5Bt","baseKeyType":2,"closed":-1,"used":1680289146277,"created":1680289146277,"remoteIdentityKey":"Bc7BIJJCXVTI+5DY81GybKNouv4bme2A7EbEL9giWwc8"},"_chains":{"BS5tXB9WFe99PE9qgAd+ozB2rUf3zM2PJlN/DWPqbaQj":{"chainKey":{"counter":0,"key":"Y8gcj+jaurJzHJEVhRbJLOQ5oTqmhaoNAk0rVkltnFY="},"chainType":2,"messageKeys":{}},"BZdscAmuq1MWG0ZhZGh/OwVAvSk7CT5GrQGalmsc4XJm":{"chainKey":{"counter":-1,"key":"RIt0rJdIQprQqo2pPbgQAfAkK0rO+OP+gNMfKpNIDZc="},"chainType":1,"messageKeys":{}}}}},"version":"v1"}