{"_sessions":{"BR3+JWtOXy920cQlYO97TEI5MeRj1e89d5grU64OQZM9":{"registrationId":1351431314,"currentRatchet":{"ephemeralKeyPair":{"pubKey":"BZY1JMMcwnysFfCc0tQGV6jDSNtrHxLf8lhNnmdlmNVg","privKey":"oPGqnIhD7WjmGlrk48JgJkyutNfOyAFxtapwcgFfnWU="},"lastRemoteEphemeralKey":"BSW3oAJsUCdRYh1b+LHs+e/BMAA7BbkS7aO1AF4cbZ0W","previousCounter":5,"rootKey":"ihwePs6AFX/YA9QAhZk3wZxifFUjU5J+XmgRFMmjcvc="},"indexInfo":{"baseKey":"BR3+JWtOXy920cQlYO97TEI5MeRj1e89d5grU64OQZM9","baseKeyType":2,"closed":-1,"used":1680289146313,"created":1680253906559,"remoteIdentityKey":"BW7OJKVkXrKBO3X3NoCLMzVkMxeNKKy0nahPDLABOZ0f"},"_chains":{"BYHzd3foqu80DXe7TkRt3tJiODqZn/ztYrbbEYeCDidl":{"chainKey":{"counter":7},"chainType":2,"messageKeys":{}},"BSW3oAJsUCdRYh1b+LHs+e/BMAA7BbkS7aO1AF4cbZ0W":{"chainKey":{"counter":24,"key":"RVSP4zj5QrNQq+NrEk2yiPdC4+/5QtfrHyYcnq0F0eg="},"chainType":2,"messageKeys":{}},"BZY1JMMcwnysFfCc0tQGV6jDSNtrHxLf8lhNnmdlmNVg":{"chainKey":{"counter":4,"key":"GHr/d1gxWWWhg2C5LqnqAbrtkqqvTkiZ1Y7+5wq6+RI="},"chainType":1,"messageKeys":{}}}}},"version":"v1"}