{"_sessions":{"BYZFcChZHQIT54ybBrRsJTkbXlOFaQcomGbfbsipktcK":{"registrationId":6,"currentRatchet":{"ephemeralKeyPair":{"pubKey":"BePuGs3XHTgWlP/6Y0Ru2+hp5cbFjbHxswKhSt2V7o9+","privKey":"aH5GC4EbqbhTvW6yLI5dtOVxGilkiemQFW7bSLybUUk="},"lastRemoteEphemeralKey":"BZiaA6CyLtQBCeIxBk4zZ6L1vZ1yn7CBovSzl9vAk/Qz","previousCounter":0,"rootKey":"4Wm/kxoc7j4hsAfvKhpKa1dmDTCr26iOpyz9e0fAXlY="},"indexInfo":{"baseKey":"BYZFcChZHQIT54ybBrRsJTkbXlOFaQcomGbfbsipktcK","baseKeyType":1,"closed":-1,"used":1680254025590,"created":1680254025590,"remoteIdentityKey":"BaNq4o7HhuaUg4dGPQHr+dKUdbSLDUOfGiCUg/4bHqQA"},"_chains":{"BePuGs3XHTgWlP/6Y0Ru2+hp5cbFjbHxswKhSt2V7o9+":{"chainKey":{"counter":8,"key":"SyoWiQAcDAXoRXKshV1St8C816tOnqLNmKrQFqRtwfc="},"chainType":1,"messageKeys":{}}},"pendingPreKey":{"signedKeyId":1,"baseKey":"BYZFcChZHQIT54ybBrRsJTkbXlOFaQcomGbfbsipktcK"}}},"version":"v1"}