{"_sessions":{"BYv/j/nRyVztc2jKCoZ6ASlMCKhQdrYamNmkkkd/hO9n":{"registrationId":515445101,"currentRatchet":{"ephemeralKeyPair":{"pubKey":"BWDeSJmY5Y7oTb54VvA36fkN7DE6oBEKg6QqpbjPY3My","privKey":"UEKPSPoxaRt1LupxxlhEPUakGwu99TPH4OAXCsuODmc="},"lastRemoteEphemeralKey":"BQPBFzWsZ1uyDE1IHh1MoPX5L0I4G+AiBZ5M1xvVIQha","previousCounter":0,"rootKey":"8nDnpT6O45e0tYljlxxd7Ygv32k6R5SqK0CCAkXCZsI="},"indexInfo":{"baseKey":"BYv/j/nRyVztc2jKCoZ6ASlMCKhQdrYamNmkkkd/hO9n","baseKeyType":2,"closed":-1,"used":1680289145822,"created":1680289145822,"remoteIdentityKey":"BRlLgIbXTV9fxSf9w4AZItx6FXRiEJsFHuyCWTSCKDMd"},"_chains":{"BQPBFzWsZ1uyDE1IHh1MoPX5L0I4G+AiBZ5M1xvVIQha":{"chainKey":{"counter":0,"key":"YEoTBJuvxfkOfXr4nNXaf4YtU8jvTzjo2jG0FWQs9Us="},"chainType":2,"messageKeys":{}},"BWDeSJmY5Y7oTb54VvA36fkN7DE6oBEKg6QqpbjPY3My":{"chainKey":{"counter":-1,"key":"7IF8Yrbv+HPWtVkVvnWNEPwFe1oVLki5MOTybFW4ty8="},"chainType":1,"messageKeys":{}}}}},"version":"v1"}