{"_sessions":{"BXlyS9O1ZOeJRsRDy7ODvvRVjT6qUR/+8S0EBo3m0psO":{"registrationId":490289376,"currentRatchet":{"ephemeralKeyPair":{"pubKey":"BU/UBaAssaQlL9WKvTwgvBy3fNuXkFcE+fC1P3E+TjUc","privKey":"gLRQV9fZe18mW15eLeFUeY8pVWgmpS9Vt350lzU61Vw="},"lastRemoteEphemeralKey":"BYJT4iTltpvdCOCkn+Jljoaj16UhjHjcWMTOxqzdlF4h","previousCounter":0,"rootKey":"e0YE3R3XVjFXR0dYtsKg9hKdH2YQbybwT+8whgh7cQ8="},"indexInfo":{"baseKey":"BXlyS9O1ZOeJRsRDy7ODvvRVjT6qUR/+8S0EBo3m0psO","baseKeyType":2,"closed":-1,"used":1680289145430,"created":1680289145430,"remoteIdentityKey":"BXWaiAfqcNcmlgxwvjmlqBeAiSzAweXI68gInVq405BG"},"_chains":{"BYJT4iTltpvdCOCkn+Jljoaj16UhjHjcWMTOxqzdlF4h":{"chainKey":{"counter":0,"key":"c+TKTVCpJlbRztwdcql4B69DrQ26hGQmeYbolrNAN8U="},"chainType":2,"messageKeys":{}},"BU/UBaAssaQlL9WKvTwgvBy3fNuXkFcE+fC1P3E+TjUc":{"chainKey":{"counter":-1,"key":"JtOFfQqOZODXuBVIffO6E27Q3XPy9gWe1uVCsudxS34="},"chainType":1,"messageKeys":{}}}}},"version":"v1"}