{"_sessions":{"BdpkLtYr9NNvDH8y80IAhjnTkikOoZzzGS7MO+mNOqwT":{"registrationId":1953565865,"currentRatchet":{"ephemeralKeyPair":{"pubKey":"BXWQ9H7wC9fAh4jMM0mFtMfyZFjXkImUrjmfeNyrylYV","privKey":"MIdGVdEjzPcKrs379O7QNYNoK1Bq+fyKue3dqIKpTFg="},"lastRemoteEphemeralKey":"BUfCRhoX3qOY21sn25GWcg4oPhM+GpUzut8MocJixLI4","previousCounter":0,"rootKey":"Pk3fLXjf/iX0YXNvtPFiuKlz+juB/hZPfjsP8APSLdo="},"indexInfo":{"baseKey":"BdpkLtYr9NNvDH8y80IAhjnTkikOoZzzGS7MO+mNOqwT","baseKeyType":2,"closed":-1,"used":1680289702561,"created":1680254024205,"remoteIdentityKey":"BXl0ZqKa6TlBqr0Pym4h2iHJ9kLTmeP8ZytaVxT3u9QZ"},"_chains":{"BZiKGjKDoviOG1rO/DYdkP0SONIa48W/yWqAyFDV9CVV":{"chainKey":{"counter":0},"chainType":2,"messageKeys":{}},"BR7VJcI1bO7mV91MQeF0vz+M28Fj36oYIIWwRYD6dQ8O":{"chainKey":{"counter":0},"chainType":2,"messageKeys":{}},"BU/yDYBXoDi8EVhPSY0FQBV/Z9zMCTK2ptuZO1UA6TIK":{"chainKey":{"counter":0},"chainType":2,"messageKeys":{}},"BWMVWPeHahJwtkKqLJC1hrZM4ekEaObbM8p7R/b19Z1Y":{"chainKey":{"counter":0},"chainType":2,"messageKeys":{}},"BV7rbQIHwInXsNkdrjb3u7YK2zdv8Zz7z/4cv/MAr2dq":{"chainKey":{"counter":0},"chainType":2,"messageKeys":{}},"BYNGoULJU+ppzNy7AkkEoVo9KrrC9mr1jzxOA5lJhtg5":{"chainKey":{"counter":0},"chainType":2,"messageKeys":{}},"BcH53tMhggt3qdWWRa13Or/5qn/ZIXJ/LRToyM3RbiAR":{"chainKey":{"counter":0},"chainType":2,"messageKeys":{}},"BUWSIxxVMgiMI0acZlGIvb5tjGpGnEK1LcGfyRHy7zoD":{"chainKey":{"counter":1},"chainType":2,"messageKeys":{}},"BUfCRhoX3qOY21sn25GWcg4oPhM+GpUzut8MocJixLI4":{"chainKey":{"counter":0,"key":"PD989RGAdkcnqwqj9xv+76Qg1n2pEudMTg+DCvAf2RM="},"chainType":2,"messageKeys":{}},"BXWQ9H7wC9fAh4jMM0mFtMfyZFjXkImUrjmfeNyrylYV":{"chainKey":{"counter":-1,"key":"j/MPDkf4PXptPvRk3lJWgvknX/E2RHUs0plojjRKdi8="},"chainType":1,"messageKeys":{}}}}},"version":"v1"}