{"_sessions":{"BYmmZPRyCOhlkzL8Yu+GMq4geXY2u1AHHVu5Aa9d9vhh":{"registrationId":479950498,"currentRatchet":{"ephemeralKeyPair":{"pubKey":"BdREU10euV5YuddndtzMV2z+ieUDvXY98zFxakT8flYC","privKey":"SDRwH8CgKFqyDAISgrVECGkAoD7h+sWnCD9JD0q+ClI="},"lastRemoteEphemeralKey":"BVNEW5FeGlMsYC5+532T3cMAMkMax8EID13sBF0OD3Vv","previousCounter":0,"rootKey":"AcFyRV2F05eIxWdxjEBpvalIe3WFz7Rrela+trWMvNs="},"indexInfo":{"baseKey":"BYmmZPRyCOhlkzL8Yu+GMq4geXY2u1AHHVu5Aa9d9vhh","baseKeyType":2,"closed":-1,"used":1680257161625,"created":1680257161625,"remoteIdentityKey":"BbnSAGizLQscboy7T+TXWmUaDBoEe3F/iK9OBu6Bv5wJ"},"_chains":{"BVNEW5FeGlMsYC5+532T3cMAMkMax8EID13sBF0OD3Vv":{"chainKey":{"counter":3,"key":"Frham0GHr0tcA8SimgRurVzNJZHzOb5nAeSCMz45ZNg="},"chainType":2,"messageKeys":{}},"BdREU10euV5YuddndtzMV2z+ieUDvXY98zFxakT8flYC":{"chainKey":{"counter":-1,"key":"fYkZN9caiz1cS82kDZ41mOOAgOoEGXGacjQv5ICC884="},"chainType":1,"messageKeys":{}}}}},"version":"v1"}