{"_sessions":{"BZ+7K+jd8LsjW56di5adLD91sS7slBiWHzdvuES4nyRB":{"registrationId":421101316,"currentRatchet":{"ephemeralKeyPair":{"pubKey":"BZQDwhTuXVO6fhPGiHRmrz9k7hCg3o1oGMv95Jd0YFZB","privKey":"wLTVeiQRxDS3tQIOtq0wHNw+BgSnVZ2CoC6S5mirvk8="},"lastRemoteEphemeralKey":"BeqFtIH9ZhCr4Lz3wGoHTIIv0rnm7h03FM8g3TjvOsUr","previousCounter":0,"rootKey":"l4iiF8wIwvBfp0U7CEdu/FUimQ+lW0CpcmUxyI/oAuA="},"indexInfo":{"baseKey":"BZ+7K+jd8LsjW56di5adLD91sS7slBiWHzdvuES4nyRB","baseKeyType":2,"closed":-1,"used":1680289145405,"created":1680289145405,"remoteIdentityKey":"BWPNtjIhMDKbk3EPFivkst5oi6S+FuMxAIrq05nDeEpA"},"_chains":{"BeqFtIH9ZhCr4Lz3wGoHTIIv0rnm7h03FM8g3TjvOsUr":{"chainKey":{"counter":1,"key":"p5gvIB2ywiIBAsVecBg7kTm1EHridGwl2WbwrCshJJ8="},"chainType":2,"messageKeys":{}},"BZQDwhTuXVO6fhPGiHRmrz9k7hCg3o1oGMv95Jd0YFZB":{"chainKey":{"counter":-1,"key":"JLROSDZpnyJu4zYI3RMpZIC2KnW08To4Zn7CJBGZTuo="},"chainType":1,"messageKeys":{}}}}},"version":"v1"}