{"_sessions":{"BcSPvVyMZ3axKq0B66fcTylh8Ifp9xn2/2Aq/Z+seYxJ":{"registrationId":291878316,"currentRatchet":{"ephemeralKeyPair":{"pubKey":"BRKdI/T/Ihd3oLtriOBPoL0lV/5doD9o13q4wKG9sPwR","privKey":"OKtKWY9rbk1oCTDTytMhCMaTegL7GJNMjTlqmnn1734="},"lastRemoteEphemeralKey":"BUQDZZHxh7Sv0K9OHfuJNJM9jjTk0eMlnnwprv8cLPdT","previousCounter":0,"rootKey":"dzbj83RMAjPBKKjP7sTTcbuJ82w+VUe4rm6aSJdaEmA="},"indexInfo":{"baseKey":"BcSPvVyMZ3axKq0B66fcTylh8Ifp9xn2/2Aq/Z+seYxJ","baseKeyType":2,"closed":-1,"used":1680289145425,"created":1680289145425,"remoteIdentityKey":"BcOAC1iR3FpKxlNDQZvPRbNvvaJfYnajhdAM+zC7ajMh"},"_chains":{"BUQDZZHxh7Sv0K9OHfuJNJM9jjTk0eMlnnwprv8cLPdT":{"chainKey":{"counter":0,"key":"aGdUHttZSStamzmalw9X0euRNmNYotDedfRLvy0tl5U="},"chainType":2,"messageKeys":{}},"BRKdI/T/Ihd3oLtriOBPoL0lV/5doD9o13q4wKG9sPwR":{"chainKey":{"counter":-1,"key":"rfQ/MivVZN9CcJG54FZurRPMdu23JuOzQQMp19omIyw="},"chainType":1,"messageKeys":{}}}}},"version":"v1"}