{"_sessions":{"BVKNe9jgq/H/vr+aYXgUOlbX4fWwwNsCW/fxJ5jJFTcW":{"registrationId":697122622,"currentRatchet":{"ephemeralKeyPair":{"pubKey":"BThfpRnbi1NDFsxpokiF3GXRPMEzkKcddXqMzd1nsGIE","privKey":"kO3b+Bn8N6FZ59fex0x3/TICL7XWD7bVjvVFwqrl4Ug="},"lastRemoteEphemeralKey":"BTyHpxYQhBiCDqBfpl4BWRIV9cIYea1bZ6/8NH9ctX1w","previousCounter":0,"rootKey":"dAYgpPVmCw1DipyWiwLvv5v6IB+cQ6mFOmEkER5Mj0k="},"indexInfo":{"baseKey":"BVKNe9jgq/H/vr+aYXgUOlbX4fWwwNsCW/fxJ5jJFTcW","baseKeyType":2,"closed":-1,"used":1680289145412,"created":1680289145412,"remoteIdentityKey":"Ba/pbAXB0+CwfCqsHwJSvNmKY9vsst7d2y0mvE/ffGEd"},"_chains":{"BTyHpxYQhBiCDqBfpl4BWRIV9cIYea1bZ6/8NH9ctX1w":{"chainKey":{"counter":1,"key":"vyNLYDPc3diBRgLBVYef30cyrG+IqEWUDxRZhc3rpeg="},"chainType":2,"messageKeys":{}},"BThfpRnbi1NDFsxpokiF3GXRPMEzkKcddXqMzd1nsGIE":{"chainKey":{"counter":-1,"key":"SBYIz+i2HOj1SH/IWztCGa/uA4LVkvVEKa28i5uq09Q="},"chainType":1,"messageKeys":{}}}}},"version":"v1"}