{"_sessions":{"BROEiXTCeT6oaaOmRVlfgH/RJEg+Q6komhuyXEmCYXEI":{"registrationId":1524469890,"currentRatchet":{"ephemeralKeyPair":{"pubKey":"BfIg/2aGMKgWCoiE/89L/3zeoLc+DD+c3wLZmWDRNJlF","privKey":"yCMMxcpLhjY/2KnuW1qzlBVF9CHvL72cbFqogd6ab0g="},"lastRemoteEphemeralKey":"BSbeuiMq27ZBB6FhQ8fRmQQpfYnJgAEOF8nl2EBnhQYH","previousCounter":0,"rootKey":"8VhuQqALjhR4JE/yBXkH6zOntscrxmevZFaRxCHgDJk="},"indexInfo":{"baseKey":"BROEiXTCeT6oaaOmRVlfgH/RJEg+Q6komhuyXEmCYXEI","baseKeyType":2,"closed":-1,"used":1680254420600,"created":1680254420600,"remoteIdentityKey":"Baok3snuZ0HMEHS5NiiT2yV2yMTxBOZFn2Rl58UpWOcB"},"_chains":{"BSbeuiMq27ZBB6FhQ8fRmQQpfYnJgAEOF8nl2EBnhQYH":{"chainKey":{"counter":0,"key":"Ff7YeqeOtwu28MgTXxfC976p6bBzIhbwAV1KWwlx5F0="},"chainType":2,"messageKeys":{}},"BfIg/2aGMKgWCoiE/89L/3zeoLc+DD+c3wLZmWDRNJlF":{"chainKey":{"counter":-1,"key":"4U+reh86NnN9Y1mPMfE76q15QzbYRu3y6Qv1xMbcEZ4="},"chainType":1,"messageKeys":{}}}}},"version":"v1"}