{"_sessions":{"BXEqGpMgdiK50Vy//ElCX1WZhM2etHvxsielrNh5Ec8O":{"registrationId":259442259,"currentRatchet":{"ephemeralKeyPair":{"pubKey":"BWPmC81h9zrpISDNLXLAsb5+v3MkUtdl4nY6yRxgJzpM","privKey":"cF7ijJnJ248xctx1qii9GesP1ksBxY9tPNd7eAp+HEM="},"lastRemoteEphemeralKey":"BdBJfOUDy3s1ae2diKeONipQQMlD9LwB/ZNHhZw+2XMY","previousCounter":0,"rootKey":"rypK8oEgCfizK4jXlgtMByV3cScWG2dFaFq5DoHK/6U="},"indexInfo":{"baseKey":"BXEqGpMgdiK50Vy//ElCX1WZhM2etHvxsielrNh5Ec8O","baseKeyType":2,"closed":-1,"used":1680256076911,"created":1680256076911,"remoteIdentityKey":"BbxsIpp3WuhuKr8KJede5IcxIoOSWXEwctVQqs4X0Pxo"},"_chains":{"BdBJfOUDy3s1ae2diKeONipQQMlD9LwB/ZNHhZw+2XMY":{"chainKey":{"counter":0,"key":"bKefKaiL8PAMJ1LLzh6iJ8PmKeCjjum10erkkzE/SU8="},"chainType":2,"messageKeys":{}},"BWPmC81h9zrpISDNLXLAsb5+v3MkUtdl4nY6yRxgJzpM":{"chainKey":{"counter":-1,"key":"IngG8wYl50dVERLs2lWRpicG4vGVaZZD/Ec41UhhIY4="},"chainType":1,"messageKeys":{}}}}},"version":"v1"}